{
  "Precision@5": 0.15852119026149686,
  "Recall@5": 0.7206041478809738,
  "NDCG@5": 0.6410315634091484,
  "Precision@10": 0.08791704238052299,
  "Recall@10": 0.7855425308085362,
  "NDCG@10": 0.6642550960533924,
  "Precision@20": 0.047024346257889996,
  "Recall@20": 0.8389540126239855,
  "NDCG@20": 0.6784453146833987,
  "mode": "sparse",
  "alpha": 0.5,
  "num_queries": 1109
}