{
  "Precision@5": 0.3333333333333333,
  "Recall@5": 1.0,
  "NDCG@5": 1.0,
  "Precision@10": 0.16666666666666666,
  "Recall@10": 1.0,
  "NDCG@10": 1.0,
  "Precision@20": 0.08333333333333333,
  "Recall@20": 1.0,
  "NDCG@20": 1.0,
  "mode": "sparse",
  "num_queries": 3
}