{
  "Precision@5": 0.26666666666666666,
  "Recall@5": 0.8888888888888888,
  "NDCG@5": 0.8258745678344059,
  "Precision@10": 0.16666666666666666,
  "Recall@10": 1.0,
  "NDCG@10": 0.8815947194898067,
  "Precision@20": 0.08333333333333333,
  "Recall@20": 1.0,
  "NDCG@20": 0.8815947194898067,
  "mode": "hybrid",
  "num_queries": 3
}