{
  "Precision@5": 0.163751127141569,
  "Recall@5": 0.7356026450255485,
  "NDCG@5": 0.6385115894250609,
  "Precision@10": 0.08899909828674482,
  "Recall@10": 0.7849564171926661,
  "NDCG@10": 0.6561104610164972,
  "Precision@20": 0.04783588818755636,
  "Recall@20": 0.8410429816651639,
  "NDCG@20": 0.6708638994033683,
  "mode": "dense",
  "alpha": 0.5,
  "num_queries": 1109
}