{
  "Precision@5": 0.17385031559963932,
  "Recall@5": 0.7794860234445447,
  "NDCG@5": 0.6934192069381272,
  "Precision@10": 0.09477006311992787,
  "Recall@10": 0.8400811541929666,
  "NDCG@10": 0.7144710392765721,
  "Precision@20": 0.05018034265103698,
  "Recall@20": 0.8873008716561467,
  "NDCG@20": 0.7268837897709307,
  "mode": "hybrid",
  "alpha": 0.5,
  "num_queries": 1109
}